Norma,Average Query Time (AQT)
Euclidean,0.019177067279815673
Manhattan,0.011371439695358277
Infinit,0.011001965403556824
Cosine,0.0334408313035965
