Norma,Average Query Time (AQT)
Euclidean,0.022621473670005797
Manhattan,0.012000581622123719
Infinit,0.010942059755325317
Cosine,0.037475764751434326
